"source_id","title","author","organisation","publication_date","access_date","source_type","company","technology_area","priority","sequence","review_mode","review_status","main_claim","important_numbers","assumptions","limitations","relevance","confidence","citation","notes"
"VID-001","From Fiber to AI: A Laser Giant's Rebirth","Asianometry","YouTube","2026-03-15","2026-08-06","Video","","Lasers; optical components; company background","Orientation","1","Listen","Queued","","","","Secondary source; verify material claims against primary sources.","Company and laser-industry orientation.","Not assessed","https://www.youtube.com/watch?v=6GlyVh4BaCc","Можно слушать как подкаст в дороге."
"VID-002","The AI Bandwidth Wall & Co-Packaged Optics","Asianometry","YouTube","2025-08-10","2026-08-06","Video","","CPO; AI networking; bandwidth constraints","Orientation","2","Watch carefully","Queued","","","","Secondary source; verify technical claims against primary sources.","Overview of AI bandwidth constraints and CPO.","Not assessed","https://www.youtube.com/watch?v=G5r2OyCN5_s","Желательно посмотреть вдумчиво."
"VID-003","Why next-gen AI scale-up needs CPO","SemiAnalysis","YouTube","2026-06-02","2026-08-06","Video","","CPO; scale-up networking; AI infrastructure","Orientation","3","Watch carefully","Queued","","","","Secondary source; verify technical and commercial claims against primary sources.","CPO requirements for next-generation AI scale-up networks.","Not assessed","https://www.youtube.com/watch?v=-HppUFVl-Ak","Желательно посмотреть вдумчиво. После видео установить Substack для reading workflow."
"NWS-001","Optical Illusions: $FN $CIEN $SITM $LITE $TSEM $GFS $COHR $CSCO Ayar Labs","","Irrational Analysis","2025-02-16","2026-08-06","Newsletter analysis","","Optical value chain; companies; CPO","Priority 1","1","Read carefully","Queued","","","","Secondary analysis; company and technology claims require primary-source verification.","Optical value-chain and company-landscape orientation.","Not assessed","https://irrationalanalysis.substack.com/p/optical-illusions-fn-cien-sitm-lite","Один из самых важных постов. Читать первым в указанной последовательности."
"NWS-002","OCP Global Summit 2025: Irrational Recap","","Irrational Analysis","2025-10-24","2026-08-06","Conference recap","","OCP; AI infrastructure; optical interconnects; suppliers","Priority 1","2","Read carefully","Queued","","","","Conference recap and secondary analysis; verify product status and vendor claims.","OCP 2025 developments and supplier signals.","Not assessed","https://irrationalanalysis.substack.com/p/ocp-global-summit-2025-irrational","Один из самых важных постов. Читать вторым в указанной последовательности."
"NWS-003","Practical Optical Communication Systems","","Irrational Analysis","2025-11-07","2026-08-06","Technical explainer","","Optical communication systems; technical foundations","Priority 1","3","Read carefully","Queued","","","","Educational secondary source; validate key technical statements with textbooks, papers, or standards.","Technical foundations for practical optical communication systems.","Not assessed","https://irrationalanalysis.substack.com/p/practical-optical-communication-systems","Один из самых важных постов. Читать третьим; сложные места разбирать с учебником или ИИ."
"NWS-004","OFC 2026 Irrational Recap","","Irrational Analysis","2026-03-27","2026-08-06","Conference recap","","OFC; optical interconnects; suppliers; industry developments","Priority 1","4","Read carefully","Queued","","","","Conference recap and secondary analysis; verify product status and vendor claims.","OFC 2026 developments and supplier signals.","Not assessed","https://irrationalanalysis.substack.com/p/ofc-2026-irrational-recap","Один из самых важных постов. Читать четвертым в указанной последовательности."
"NWS-005","[2/26 Earnings Roundup] $LITE $COHR $SITM $QCOM $ARM","","Irrational Analysis","2026-02-06","2026-08-06","Earnings commentary","","Company monitoring; optical components; semiconductors","Priority 2","1","Read","Queued","","","","Secondary earnings commentary; reconcile with filings, transcripts, and reported financials.","Company-level evidence and follow-up questions.","Not assessed","https://irrationalanalysis.substack.com/p/226-earnings-roundup-lite-cohr-sitm","Материал второй очереди."
"NWS-006","ISSCC 2026 Irrational Recap","","Irrational Analysis","2026-02-19","2026-08-06","Conference recap","","ISSCC; advanced compute; optical interconnects","Priority 2","2","Read","Queued","","","","Conference recap and secondary analysis; verify against conference papers and presentations.","ISSCC 2026 developments relevant to advanced interconnects.","Not assessed","https://irrationalanalysis.substack.com/p/isscc-2026-irrational-recap","Материал второй очереди."
"NWS-007","Citrini 3/12/2026 Optics Basket Comments","","Irrational Analysis","2026-03-12","2026-08-06","Market commentary","","Optics companies; market positioning","Priority 2","3","Read","Queued","","","","Opinion and market commentary; use for hypothesis generation, not as sole evidence.","Optics-basket framing and company questions.","Not assessed","https://irrationalanalysis.substack.com/p/citrini-3122026-optics-basket-comments","Материал второй очереди."
"NWS-008","5/8/26 Earnings Roundup: $ON $FN $LITE $NVTS $AMD $ARM $COHR $SITM $AAOI $CRWV $GFS","","Irrational Analysis","2026-05-08","2026-08-06","Earnings commentary","","Company monitoring; optical components; semiconductors","Priority 2","4","Read","Queued","","","","Secondary earnings commentary; reconcile with filings, transcripts, and reported financials.","Company-level evidence and follow-up questions.","Not assessed","https://irrationalanalysis.substack.com/p/5826-earnings-roundup-on-fn-lite","Материал второй очереди."
"NWS-009","Co Packaged Optics (CPO) - Scaling with Light for the Next Wave of Interconnect","","SemiAnalysis","2026-01-01","2026-08-06","Industry analysis","","CPO; AI networking; interconnect scaling","Supplementary","1","Read carefully","Queued","","","","Secondary industry analysis; verify architecture, deployment, and market claims with primary sources.","CPO architecture, scaling rationale, and adoption context.","Not assessed","https://newsletter.semianalysis.com/p/co-packaged-optics-cpo-book-scaling","Использовать для понимания технологии и компании; исходную ссылку на компанию в комментарии нужно уточнить."
"NWS-010","GTC 2026 - The Inference Kingdom Expands","","SemiAnalysis","2026-03-24","2026-08-06","Industry analysis","NVIDIA","AI inference; platform architecture; CPO roadmap","Supplementary","2","Read carefully","Queued","","","","Secondary industry analysis; verify platform and roadmap claims with NVIDIA primary material.","NVIDIA inference-platform and CPO-roadmap context.","Not assessed","https://newsletter.semianalysis.com/p/nvidia-the-inference-kingdom-expands","Использовать для понимания компании и почему она интересна; не считать инвестиционной рекомендацией."
"PRS-001","Status of High-End Performance Packaging (2.5D & 3D) and Co-packaged Optics","Vishal Saroha","Yole Group","2025","2026-08-06","Conference presentation","","Advanced packaging; 2.5D; 3D integration; CPO","Supplementary","3","Read carefully","Queued","","","","Market-analysis conference deck; validate market data and forecasts against primary evidence. Copyright Yole Group 2025; confirm sharing rights before distributing.","Packaging and CPO market context from the SEMI 3D & Systems Summit.","Not assessed","01-sources/conference-presentations/PRS-001-yole-high-end-packaging-and-cpo-2025.pdf","Title page verified visually. Exact presentation date not yet verified."
"STD-001","System Vendor Requirements Document for Energy Efficient Interfaces","","OIF","2024-05","2026-08-06","Requirements document","","CPO; LPO; NPO; interoperability; serviceability","Focused sprint","1","Read carefully","Reviewed","System vendors value pluggable modularity and supply-chain maturity while CPO may improve signal quality and energy efficiency.","","Defines requirements rather than proving product performance.","Industry consensus document; individual deployment priorities may differ.","Neutral framework for comparing CPO with advanced pluggables.","High","https://www.oiforum.com/wp-content/uploads/OIF-EEI-Requirements-RD-01.0.pdf","Used in 102.4T architecture comparison."
"STD-002","Implementation Agreement for a 3.2Tb/s Co-Packaged Module","","OIF","2023-03-29","2026-08-06","Implementation agreement","","CPO; optical engines; mechanical interface","Focused sprint","2","Reference","Reviewed","Defines electro-optical-mechanical details for a 3.2T CPO module used as a building block near a 51.2T switch ASIC.","3.2 Tb/s module; 16 modules for 51.2 Tb/s example","Architecture differs from current proprietary products.","An interface agreement does not prove production economics or adoption.","CPO architecture and standardisation baseline.","High","https://www.oiforum.com/wp-content/uploads/OIF-Co-Packaging-3.2T-Module-01.0.pdf","Used for standards context."
"STD-003","IEEE P802.3dj Task Force Public Area","","IEEE 802.3","","2026-08-06","Standards work","","200G per lane; Ethernet; electrical and optical interfaces","Focused sprint","3","Reference","Reviewed","Public working materials cover 200 Gb/s signalling per lane for 200G through 1.6T Ethernet objectives.","200 Gb/s per lane","Active standards work can change before ratification.","The task-force page does not choose CPO or pluggable implementation economics.","Interface-generation context for 102.4T systems.","High","https://www.ieee802.org/3/dj/public/index.html","Monitor status and final ratification."
"CMP-001","BCM78919 102.4-Tb/s Multilayer CPO Switch with 200G SerDes Product Brief","","Broadcom","2025-09-18","2026-08-06","Official product brief","Broadcom","102.4T switching; CPO; 200G SerDes","Focused sprint","4","Read carefully","Reviewed","Broadcom specifies a 102.4T CPO device with 512 x 200G optical I/O and direct-drive optical engines.","102.4 Tb/s; 512 x 200G; up to 64 x 1.6TbE","All performance and economic statements are vendor supplied.","No controlled comparison, customer deployment data, yield, price, or field reliability disclosed.","Primary description of Broadcom's 102.4T CPO architecture.","Medium","https://docs.broadcom.com/doc/BCM78919-PB","Treat lowest-power, lowest-cost, and reliability statements as company claims."
"CMP-002","Tomahawk 6 Davisson 102.4-Tbps Ethernet Switch with Co-Packaged Optics","","Broadcom","2025-10-08","2026-08-06","Official product announcement","Broadcom","102.4T switching; CPO; commercial stage","Focused sprint","5","Read carefully","Reviewed","Broadcom announced TH6-Davisson and disclosed sampling to early-access customers.","102.4 Tb/s; 16 x 6.4T engines; 200G per channel","Company announcement uses shipping language while its availability section says sampling.","No named production deployment or independently verified volume disclosed.","Commercial-stage and architecture evidence.","Medium","https://www.broadcom.com/company/news/product-releases/63626","Do not classify as broad volume production."
"CMP-003","Ethernet Switch CPO Product Catalogue","","Broadcom","","2026-08-06","Official product catalogue","Broadcom","CPO; product lifecycle","Focused sprint","6","Reference","Reviewed","Broadcom lists BCM78919 as a limited-release 102.4T CPO switch with 200G SerDes.","102.4 Tb/s","Lifecycle terminology is controlled by the vendor and may not reveal shipped volume.","No customer, unit, revenue, or qualification evidence.","Cross-check of commercial-stage wording.","Medium","https://www.broadcom.com/products/fiber-optic-modules-components/co-packaged-optics/switches","Accessed 2026-08-06."
"CMP-004","Arista Networks at OFC 2026","","Arista Networks","","2026-08-06","Official event page","Arista Networks","102.4T switching; LPO; LRO; FRO; pluggable optics","Focused sprint","7","Read carefully","Reviewed","Arista describes a live 102.4T switch demonstration supporting 200G-per-lane 1.6T linear, linear-receive, and fully retimed pluggable optics.","102.4 Tb/s; 4RU; 1.6T; 200G per lane","Demonstration configuration and production readiness are not disclosed.","Page contains inconsistent event-year text and no system power, yield, cost, or customer deployment data.","Primary counterexample to the claim that 102.4T inherently requires CPO.","Medium","https://events.arista.com/ofc-2026","Use only as demonstration evidence, not production proof."
